record_id,entity_id,entity_name,entity_first_name,committee_name,entity_type,office_name,office_id,office_type_id,party_name,party_id,cash_balance,income,expense,ie_support,ie_opposition,bme_for,bme_against,committee_status,registration_date,termination_date,committee_address,mailing_address,phone,email,chairman,treasurer,candidate,designee,is_primary_record,record_source,record_date,created_at
5775,200292042,"Zajac, John C",,ZAJAC FOR SUPERINTENDENT,$500 Threshold (Candidate),Superintendent of Public Instruction,2040,,Libertarian,20,0.00,0.00,0.00,0.00,0.00,0.00,0.00,,,,,,,,,,,,true,seethemoney.az.gov API,2025-08-06,2025-08-07 04:02:30.477079
5774,200693513,"Zachary, Steven William",,ZACHARY FOR SENATE 2006,Candidate (not participating in Clean Elections),State Senator - District No. 19,3119,,Democratic,10,0.00,51754.75,51754.75,0.00,0.00,0.00,0.00,,,,,,,,,,,,true,seethemoney.az.gov API,2025-08-06,2025-08-07 04:02:30.477079
5772,201400428,"Zachary, Steven",,Zachary for Senate<br>(Clean Elections),Candidate (participating in Clean Elections),State Representative - District 25,3225,,Democratic,10,0.00,10.00,0.00,0.00,0.00,0.00,0.00,,,,,,,,,,,,false,seethemoney.az.gov API,2025-08-06,2025-08-07 04:02:30.477079
5773,201400747,"Zachary, Steven",,Zachary for Senate<br>(Clean Elections),Candidate (participating in Clean Elections),State Senator - District No. 25,3125,,Democratic,10,0.00,22854.10,22854.10,0.00,0.00,0.00,0.00,,,,,,,,,,,,true,seethemoney.az.gov API,2025-08-06,2025-08-07 04:02:30.477079
5771,201400428,"Zachary, Steven",,Zachary for Senate<br>(Clean Elections),Candidate (participating in Clean Elections),State Senator - District No. 25,3125,,Democratic,10,0.00,15678.16,15688.16,0.00,0.00,0.00,0.00,,,,,,,,,,,,true,seethemoney.az.gov API,2025-08-06,2025-08-07 04:02:30.477079
5770,200291779,"Yrun, Virginia L",,YRUN FOR SENATE,Candidate (not participating in Clean Elections),State Senator - District No. 13,3113,,Democratic,10,0.00,270.00,2400.20,0.00,0.00,0.00,0.00,,,,,,,,,,,,true,seethemoney.az.gov API,2025-08-06,2025-08-07 04:02:30.477079
5769,201000205,"Yount, Alvin Ray",,Committee to Elect Professor Yount Governor,Candidate (not participating in Clean Elections),Governor,2000,,Other,1000,0.00,160.00,0.00,0.00,0.00,0.00,0.00,,,,,,,,,,,,false,seethemoney.az.gov API,2025-08-06,2025-08-07 04:02:30.477079
5768,201000205,"Yount, Alvin Ray",,Committee to Elect Professor Yount Governor,Candidate (not participating in Clean Elections),Governor,2000,,Libertarian,20,0.00,1090.51,1250.51,0.00,0.00,0.00,0.00,,,,,,,,,,,,true,seethemoney.az.gov API,2025-08-06,2025-08-07 04:02:30.477079
5766,100603,"Young, Sherrylyn Rebecca",,Young for AZ Senate,Candidate (not participating in Clean Elections),State Senator - District No. 10,3110,,Republican,30,0.00,870.00,870.00,0.00,0.00,0.00,0.00,,,,,,,,,,,,true,seethemoney.az.gov API,2025-08-06,2025-08-07 04:02:30.477079
5763,100912,"Young, Sherrylyn",,Young for Arizona,Candidate (not participating in Clean Elections),State Representative - District 10,3210,,Republican,30,0.00,0.00,0.00,0.00,0.00,0.00,0.00,,,,,,,,,,,,true,seethemoney.az.gov API,2025-08-06,2025-08-07 04:02:30.477079
5765,100936,"Young, Sherrylyn",,Young for Arizona<br>(Clean Elections),Candidate (participating in Clean Elections),State Representative - District 17,3217,,Republican,30,0.00,16093.00,17638.24,0.00,0.00,0.00,0.00,,,,,,,,,,,,true,seethemoney.az.gov API,2025-08-06,2025-08-07 04:02:30.477079
5764,100936,"Young, Sherrylyn",,Young for Arizona<br>(Clean Elections),Candidate (participating in Clean Elections),State Representative - District 10,3210,,Republican,30,0.00,2104.86,547.62,0.00,1000.00,0.00,0.00,,,,,,,,,,,,false,seethemoney.az.gov API,2025-08-06,2025-08-07 04:02:30.477079
5762,200693510,"Young, Robert B",,ROBERT YOUNG FOR STATE REPRESENTATIVE COMMITTEE,Candidate (not participating in Clean Elections),State Representative - District 15,3215,,Democratic,10,0.00,16722.36,16722.36,0.00,0.00,0.00,0.00,,,,,,,,,,,,true,seethemoney.az.gov API,2025-08-06,2025-08-07 04:02:30.477079
5767,201000695,"Young-Scaggs, Sakena De",,Rev. SYS Scaggs for Senate 2010,$500 Threshold (Candidate),State Senator - District No. 13,3113,,,,0.00,0.00,0.00,0.00,0.00,0.00,0.00,,,,,,,,,,,,true,seethemoney.az.gov API,2025-08-06,2025-08-07 04:02:30.477079
5761,201200385,"Youn, Edward Jason",,Jason Youn for State legislature,Candidate (not participating in Clean Elections),State Representative - District 26,3226,,Republican,30,0.00,20940.99,20940.99,0.00,0.00,0.00,0.00,,,,,,,,,,,,true,seethemoney.az.gov API,2025-08-06,2025-08-07 04:02:30.477079
5759,201400396,"Yoder, Paul",,voteYODER<br>(Clean Elections),Candidate (participating in Clean Elections),State Senator - District No. 30,3130,,Other,1000,0.00,0.00,0.00,0.00,0.00,0.00,0.00,,,,,,,,,,,,true,seethemoney.az.gov API,2025-08-06,2025-08-07 04:02:30.477079
5760,201400737,"Yoder, Paul",,voteYODER<br>(Clean Elections),Candidate (participating in Clean Elections),State Senator - District No. 30,3130,,Other,1000,0.00,0.00,0.00,0.00,0.00,0.00,0.00,,,,,,,,,,,,true,seethemoney.az.gov API,2025-08-06,2025-08-07 04:02:30.477079
5758,201000436,"Yoder, Dean",,Paul Yoder for representative<br>(Clean Elections),Candidate (participating in Clean Elections),State Representative - District 15,3215,,Republican,30,922.58,39803.00,35483.91,0.00,0.00,0.00,0.00,,,,,,,,,,,,true,seethemoney.az.gov API,2025-08-06,2025-08-07 04:02:30.477079
5754,201400626,"Yee, Kimberly",,Kimberly Yee for Arizona,Candidate (not participating in Clean Elections),State Senator - District No. 20,3120,,Republican,30,0.00,0.00,0.00,0.00,0.00,0.00,0.00,,,,,,,,,,,,true,seethemoney.az.gov API,2025-08-06,2025-08-07 04:02:30.477079
5755,201600165,"Yee, Kimberly",,Kimberly Yee for Arizona 2016,Candidate (not participating in Clean Elections),State Senator - District No. 20,3120,,Republican,30,0.00,114429.56,35493.76,0.00,55442.47,0.00,0.00,,,,,,,,,,,,true,seethemoney.az.gov API,2025-08-06,2025-08-07 04:02:30.477079
5752,201200214,"Yee, Kimberly",,Kimberly Yee for Arizona,Candidate (not participating in Clean Elections),State Representative - District 10,3210,,Republican,30,0.00,33971.10,814.68,0.00,0.00,0.00,0.00,,,,,,,,,,,,false,seethemoney.az.gov API,2025-08-06,2025-08-07 04:02:30.477079
5753,201400010,"Yee, Kimberly",,Kimberly Yee for Arizona,Candidate (not participating in Clean Elections),State Senator - District No. 20,3120,,Republican,30,0.00,99618.83,83961.27,6951.56,0.00,0.00,0.00,,,,,,,,,,,,true,seethemoney.az.gov API,2025-08-06,2025-08-07 04:02:30.477079
5747,100591,"Yee, Kimberly",,Kimberly Yee for Governor,Candidate (not participating in Clean Elections),Governor,2000,,Republican,30,0.00,461142.10,461142.10,0.00,0.00,0.00,0.00,,,,,,,,,,,,true,seethemoney.az.gov API,2025-08-06,2025-08-07 04:02:30.477079
5756,201800030,"Yee, Kimberly",,Kimberly Yee for Arizona Senate 2018,Candidate (not participating in Clean Elections),State Senator - District No. 20,3120,,Republican,30,0.00,51850.00,51850.00,0.00,0.00,0.00,0.00,,,,,,,,,,,,true,seethemoney.az.gov API,2025-08-06,2025-08-07 04:02:30.477079
5750,201200214,"Yee, Kimberly",,Kimberly Yee for Arizona,Candidate (not participating in Clean Elections),State Senator - District No. 10,3110,,Republican,30,0.00,840.00,1269.41,0.00,0.00,0.00,0.00,,,,,,,,,,,,false,seethemoney.az.gov API,2025-08-06,2025-08-07 04:02:30.477079
5757,201800367,"Yee, Kimberly",,Kimberly Yee for Arizona Treasurer,Candidate (not participating in Clean Elections),State Treasurer,2030,,Republican,30,0.00,705808.25,510260.17,0.00,0.00,0.00,0.00,,,,,,,,,,,,true,seethemoney.az.gov API,2025-08-06,2025-08-07 04:02:30.477079
5751,201200214,"Yee, Kimberly",,Kimberly Yee for Arizona,Candidate (not participating in Clean Elections),State Senator - District No. 20,3120,,Republican,30,0.00,45618.22,55275.58,29635.06,1400.00,0.00,0.00,,,,,,,,,,,,true,seethemoney.az.gov API,2025-08-06,2025-08-07 04:02:30.477079
5749,201000499,"Yee, Kimberly",,Kimberly Yee 2010,Candidate (not participating in Clean Elections),State Representative - District 10,3210,,Republican,30,0.00,53993.00,51742.14,24656.05,0.00,0.00,0.00,,,,,,,,,,,,true,seethemoney.az.gov API,2025-08-06,2025-08-07 04:02:30.477079
5748,101898,"Yee, Kimberly",,Kimberly Yee for Superintendent of Public Instruction,Candidate (not participating in Clean Elections),Superintendent of Public Instruction,2040,,,,161464.94,162006.72,541.78,0.00,0.00,0.00,0.00,,,,,,,,,,,,true,seethemoney.az.gov API,2025-08-06,2025-08-07 04:02:30.477079
5746,201200295,"Yarbrough, Steven B",,Yarbrough/Senate/12,Candidate (not participating in Clean Elections),State Senator - District No. 17,3117,,Republican,30,0.00,41155.28,25440.95,28188.22,145.60,0.00,0.00,,,,,,,,,,,,true,seethemoney.az.gov API,2025-08-06,2025-08-07 04:02:30.477079
5745,201600187,"Yarbrough, Steve",,Yarbrough/House,Candidate (not participating in Clean Elections),State Representative - District 17,3217,,Republican,30,23174.93,4920.45,62142.92,0.00,0.00,0.00,0.00,,,,,,,,,,,,false,seethemoney.az.gov API,2025-08-06,2025-08-07 04:02:30.477079
5738,200693315,"Yarbrough, Steve",,RE-ELECT STEVE YARBROUGH,Candidate (not participating in Clean Elections),State Representative - District 21,3221,,Republican,30,0.00,32838.44,32838.44,0.00,0.00,0.00,0.00,,,,,,,,,,,,true,seethemoney.az.gov API,2025-08-06,2025-08-07 04:02:30.477079
5743,201400701,"Yarbrough, Steve",,Yarbrough/Senate,Candidate (not participating in Clean Elections),State Senator - District No. 17,3117,,Republican,30,0.00,0.00,0.00,0.00,0.00,0.00,0.00,,,,,,,,,,,,true,seethemoney.az.gov API,2025-08-06,2025-08-07 04:02:30.477079
5741,201400273,"Yarbrough, Steve",,Yarbrough/Senate,Candidate (not participating in Clean Elections),State Senator - District No. 17,3117,,Republican,30,0.00,59164.05,34555.58,8999.95,0.00,0.00,0.00,,,,,,,,,,,,true,seethemoney.az.gov API,2025-08-06,2025-08-07 04:02:30.477079
5744,201600187,"Yarbrough, Steve",,Yarbrough/House,Candidate (not participating in Clean Elections),State Senator - District No. 17,3117,,Republican,30,23174.93,158100.29,59249.13,2333.34,0.00,0.00,0.00,,,,,,,,,,,,true,seethemoney.az.gov API,2025-08-06,2025-08-07 04:02:30.477079
5736,200291993,"Yarbrough, Steve",,YARBROUGH 2002,Candidate (not participating in Clean Elections),State Representative - District 21,3221,,Republican,30,0.00,30130.00,30130.00,0.00,0.00,0.00,0.00,,,,,,,,,,,,true,seethemoney.az.gov API,2025-08-06,2025-08-07 04:02:30.477079
5737,200493058,"Yarbrough, Steve",,YARBROUGH 2004,Candidate (not participating in Clean Elections),State Representative - District 21,3221,,Republican,30,0.00,20847.27,20847.27,0.00,0.00,0.00,0.00,,,,,,,,,,,,true,seethemoney.az.gov API,2025-08-06,2025-08-07 04:02:30.477079
5740,201000231,"Yarbrough, Steve",,Yarbrough/Senate,Candidate (not participating in Clean Elections),State Senator - District No. 21,3121,,Republican,30,0.00,31344.00,23758.08,98.65,0.00,0.00,0.00,,,,,,,,,,,,true,seethemoney.az.gov API,2025-08-06,2025-08-07 04:02:30.477079
5739,200893595,"Yarbrough, Steve",,RE-ELECT STEVE YARBROUGH<br>(Clean Elections),Candidate (participating in Clean Elections),State Representative - District 21,3221,,Republican,30,0.00,74488.50,74488.50,711.46,0.00,0.00,0.00,,,,,,,,,,,,true,seethemoney.az.gov API,2025-08-06,2025-08-07 04:02:30.477079
5742,201400273,Yarbrough,,Yarbrough/Senate,Candidate (not participating in Clean Elections),State Senator - District No. 17,3117,,Republican,30,0.00,2500.00,0.00,0.00,0.00,0.00,0.00,,,,,,,,,,,,false,seethemoney.az.gov API,2025-08-06,2025-08-07 04:02:30.477079
5735,100630,"Yantorno, Duane Michael",,Duane for AZ Mine Inspector<br>(Clean Elections),Candidate (participating in Clean Elections),State Mine Inspector,2050,,Republican,30,0.00,4915.61,4601.41,0.00,0.00,0.00,0.00,,,,,,,,,,,,true,seethemoney.az.gov API,2025-08-06,2025-08-07 04:02:30.477079
5734,101645,"Wynne, Jennifer",,Jen Wynne for State Representative - District 22<br>(Clean Elections),Candidate (participating in Clean Elections),State Representative - District 22,3222,,,,1005.78,31920.00,30914.22,0.00,0.00,0.00,0.00,,,,,,,,,,,,true,seethemoney.az.gov API,2025-08-06,2025-08-07 04:02:30.477079
5733,201000287,"Wright, Nancy Young",,Nancy Young Wright 2010,Candidate (not participating in Clean Elections),State Representative - District 26,3226,,Democratic,10,0.00,70651.62,103867.07,14178.65,46047.76,0.00,0.00,,,,,,,,,,,,true,seethemoney.az.gov API,2025-08-06,2025-08-07 04:02:30.477079
1607,200810030,"Wright, Nancy Young",,Nancy Young Wright for State Representative<br>(Clean Elections),Candidate (participating in Clean Elections),State Representative - District 26,3226,,Democratic,10,0.00,73372.12,73497.12,0.00,0.00,0.00,0.00,,,,,,,,,,,,true,seethemoney.az.gov API,2025-08-06,2025-08-07 04:02:18.209767
5732,201000570,"Wright, Brian",,Govenor Wright,Candidate (not participating in Clean Elections),Governor,2000,,Libertarian,20,0.00,0.00,0.00,0.00,0.00,0.00,0.00,,,,,,,,,,,,true,seethemoney.az.gov API,2025-08-06,2025-08-07 04:02:30.477079
5731,200693545,"Wright, Brian",,BRIAN WRIGHT,$500 Threshold (Candidate),Governor,2000,,,,0.00,0.00,0.00,0.00,0.00,0.00,0.00,,,,,,,,,,,,true,seethemoney.az.gov API,2025-08-06,2025-08-07 04:02:30.477079
5730,201600422,"Worsley, Robert",,Bob Worsley for State Senate,Candidate (not participating in Clean Elections),State Senator - District No. 25,3125,,Republican,30,0.00,139148.50,53442.35,0.00,0.00,0.00,0.00,,,,,,,,,,,,true,seethemoney.az.gov API,2025-08-06,2025-08-07 04:02:30.477079
5729,201400405,"Worsley, Robert",,Bob Worsley for State Senate,Candidate (not participating in Clean Elections),State Senator - District No. 25,3125,,Republican,30,0.00,20653.14,14936.74,0.00,0.00,0.00,0.00,,,,,,,,,,,,true,seethemoney.az.gov API,2025-08-06,2025-08-07 04:02:30.477079
5728,201200424,"Worsley, Robert",,Bob Worsley for State Senate,Candidate (not participating in Clean Elections),State Senator - District No. 25,3125,,Republican,30,0.00,967340.90,958989.56,52057.31,462.54,0.00,0.00,,,,,,,,,,,,true,seethemoney.az.gov API,2025-08-06,2025-08-07 04:02:30.477079
5727,100049,"Workman, Mark",,MarkWorkman4Senator<br>(Clean Elections),Candidate (participating in Clean Elections),State Senator - District No. 2,3102,,Republican,30,0.00,36349.62,36349.62,0.00,6.31,0.00,0.00,,,,,,,,,,,,true,seethemoney.az.gov API,2025-08-06,2025-08-07 04:02:30.477079
5726,201400778,"Woolsey, James Curtis",,Arizona for Woolsey for Governor,$500 Threshold (Candidate),Governor,2000,,Democratic,10,0.00,0.00,0.00,0.00,0.00,0.00,0.00,,,,,,,,,,,,true,seethemoney.az.gov API,2025-08-06,2025-08-07 04:02:30.477079
5725,201400503,"Woolsey, James Curtis",,Arizona for Woolsey for Governor,$500 Threshold (Candidate),Governor,2000,,Democratic,10,0.00,0.00,0.00,0.00,0.00,0.00,0.00,,,,,,,,,,,,true,seethemoney.az.gov API,2025-08-06,2025-08-07 04:02:30.477079
5724,201200661,"Woolley, Donald Taylor",,Don Woolley for Senate,$500 Threshold (Candidate),State Senator - District No. 2,3102,,Republican,30,0.00,0.00,0.00,0.00,0.00,0.00,0.00,,,,,,,,,,,,true,seethemoney.az.gov API,2025-08-06,2025-08-07 04:02:30.477079
5722,201400536,"Woods, Larry",,WoodsforAZHouse<br>(Clean Elections),Candidate (participating in Clean Elections),State Representative - District 22,3222,,Democratic,10,0.00,16236.89,16236.89,0.00,0.00,0.00,0.00,,,,,,,,,,,,true,seethemoney.az.gov API,2025-08-06,2025-08-07 04:02:30.477079
5723,201400797,"Woods, Larry",,WoodsforAZHouse<br>(Clean Elections),Candidate (participating in Clean Elections),State Representative - District 22,3222,,Democratic,10,0.00,20573.27,20573.27,0.00,0.00,0.00,0.00,,,,,,,,,,,,true,seethemoney.az.gov API,2025-08-06,2025-08-07 04:02:30.477079
5721,100582,"Woods, Kara",,Kara Woods for Arizona Education,Candidate (not participating in Clean Elections),Superintendent of Public Instruction,2040,,Republican,30,0.00,5075.00,5075.00,0.00,0.00,0.00,0.00,,,,,,,,,,,,true,seethemoney.az.gov API,2025-08-06,2025-08-07 04:02:30.477079
5720,201400622,"Woodmansee, Terri Lee",,Woodmansee for AZ Senate<br>(Clean Elections),Candidate (participating in Clean Elections),State Senator - District No. 13,3113,,Democratic,10,0.00,0.00,0.00,0.00,0.00,0.00,0.00,,,,,,,,,,,,true,seethemoney.az.gov API,2025-08-06,2025-08-07 04:02:30.477079
5719,201200607,"Woodmansee, Terri Lee",,Woodmansee for AZ Senate<br>(Clean Elections),Candidate (participating in Clean Elections),State Senator - District No. 13,3113,,Democratic,10,0.00,24686.04,24686.04,0.00,0.00,0.00,0.00,,,,,,,,,,,,true,seethemoney.az.gov API,2025-08-06,2025-08-07 04:02:30.477079
5718,201000073,"Wood, Janelle L.",,Committee to Elect Janelle Wood For Governor,Candidate (Exploratory),Governor,2000,,Other,1000,0.00,4505.79,4335.79,0.00,0.00,0.00,0.00,,,,,,,,,,,,true,seethemoney.az.gov API,2025-08-06,2025-08-07 04:02:30.477079
5714,100992,"Wood, Janelle",,Janelle Wood for State Senator - District No. 11,Candidate (not participating in Clean Elections),State Representative - District 11,3211,,Democratic,10,0.00,13023.33,21004.35,0.00,0.00,0.00,0.00,,,,,,,,,,,,true,seethemoney.az.gov API,2025-08-06,2025-08-07 04:02:30.477079
5715,101107,"Wood, Janelle",,Janelle Wood for State Senator - District No. 11,Candidate (not participating in Clean Elections),State Senator - District No. 11,3111,,,,0.00,0.00,0.00,0.00,0.00,0.00,0.00,,,,,,,,,,,,true,seethemoney.az.gov API,2025-08-06,2025-08-07 04:02:30.477079
5716,201400556,"Wood, Janelle",,Committee for Janelle Wood,Candidate (not participating in Clean Elections),Governor,2000,,Americans Elect,8,0.00,2265.80,2265.80,0.00,0.00,0.00,0.00,,,,,,,,,,,,true,seethemoney.az.gov API,2025-08-06,2025-08-07 04:02:30.477079
5717,201400806,"Wood, Janelle",,Committee for Janelle Wood,Candidate (not participating in Clean Elections),Governor,2000,,Americans Elect,8,0.00,0.00,0.00,0.00,0.00,0.00,0.00,,,,,,,,,,,,true,seethemoney.az.gov API,2025-08-06,2025-08-07 04:02:30.477079
5712,100918,"Wood, Janelle",,Janelle Wood for State Representative - District 27,Candidate (not participating in Clean Elections),State Representative - District 27,3227,,Democratic,10,0.00,0.00,0.00,0.00,0.00,0.00,0.00,,,,,,,,,,,,true,seethemoney.az.gov API,2025-08-06,2025-08-07 04:02:30.477079
5713,100992,"Wood, Janelle",,Janelle Wood for State Senator - District No. 11,Candidate (not participating in Clean Elections),State Senator - District No. 27,3127,,Democratic,10,0.00,13998.00,5755.54,98957.96,1901.31,0.00,0.00,,,,,,,,,,,,false,seethemoney.az.gov API,2025-08-06,2025-08-07 04:02:30.477079
5710,101030,"Wood, Daniel",,Daniel Wood for State Senator - District No. 16,Candidate (not participating in Clean Elections),State Senator - District No. 16,3116,,,,0.00,58.01,58.01,0.00,0.00,0.00,0.00,,,,,,,,,,,,false,seethemoney.az.gov API,2025-08-06,2025-08-07 04:02:30.477079
5709,100971,"Wood, Daniel",,Daniel Wood for State Representative - District 11,Candidate (not participating in Clean Elections),State Representative - District 11,3211,,Republican,30,0.00,0.00,0.00,0.00,0.00,0.00,0.00,,,,,,,,,,,,true,seethemoney.az.gov API,2025-08-06,2025-08-07 04:02:30.477079
5711,101030,"Wood, Daniel",,Daniel Wood for State Senator - District No. 16,Candidate (not participating in Clean Elections),State Senator - District No. 16,3116,,Republican,30,0.00,64.02,64.02,0.00,0.00,0.00,0.00,,,,,,,,,,,,true,seethemoney.az.gov API,2025-08-06,2025-08-07 04:02:30.477079
5707,200810033,"Wong, Barry",,Barry Wong for Corporation Commission,Candidate (not participating in Clean Elections),Corporation Commissioner,2060,,Republican,30,817.41,347627.77,346810.36,3298.33,0.00,0.00,0.00,,,,,,,,,,,,true,seethemoney.az.gov API,2025-08-06,2025-08-07 04:02:30.477079
5708,201000198,"Wong, Barry",,Barry Wong for Corporation Commission 2010<br>(Clean Elections),Candidate (participating in Clean Elections),Corporation Commissioner,2060,,Republican,30,0.00,114850.00,114850.00,0.00,0.00,0.00,0.00,,,,,,,,,,,,true,seethemoney.az.gov API,2025-08-06,2025-08-07 04:02:30.477079
5706,200291985,"Womack, Kurt",,KURT WOMACK FOR AZ STATE REPRESENTATIVE,Candidate (not participating in Clean Elections),State Representative - District 1,3201,,Republican,30,16.31,16.31,16.31,0.00,0.00,0.00,0.00,,,,,,,,,,,,true,seethemoney.az.gov API,2025-08-06,2025-08-07 04:02:30.477079
5705,200493157,"Wolfe, Gretchen",,FRIENDS OF GRETCHEN WOLFE,Candidate (not participating in Clean Elections),State Representative - District 21,3221,,Republican,30,4066.48,19960.00,15944.88,0.00,0.00,0.00,0.00,,,,,,,,,,,,true,seethemoney.az.gov API,2025-08-06,2025-08-07 04:02:30.477079
5704,200291761,"Wold, Victoria",,WOLD4STATEREP,Candidate (not participating in Clean Elections),State Representative - District 18,3218,,Democratic,10,0.00,0.00,0.00,0.00,0.00,0.00,0.00,,,,,,,,,,,,true,seethemoney.az.gov API,2025-08-06,2025-08-07 04:02:30.477079
5703,101648,"Winters, Sharon Lee",,Sharon For Senate,Candidate (not participating in Clean Elections),State Senator - District No. 13,3113,,Democratic,10,27585.53,272260.67,238666.04,386476.24,73863.48,0.00,0.00,,,,,,,,,,,,true,seethemoney.az.gov API,2025-08-06,2025-08-07 04:02:30.477079
5702,201200375,"Winters, Justin",,Justin Winters for AZ LD16<br>(Clean Elections),Candidate (participating in Clean Elections),State Representative - District 16,3216,,Other,1000,0.00,72.68,72.68,0.00,0.00,0.00,0.00,,,,,,,,,,,,true,seethemoney.az.gov API,2025-08-06,2025-08-07 04:02:30.477079
5701,201000565,"Winslow, Prescott",,Winslow for State Representative: LD-5<br>(Clean Elections),Candidate (participating in Clean Elections),State Representative - District 5,3205,,Democratic,10,0.00,36330.86,36330.86,0.00,0.00,0.00,0.00,,,,,,,,,,,,true,seethemoney.az.gov API,2025-08-06,2025-08-07 04:02:30.477079
5700,200693361,"Winn, Robert B",,ROBERT B  WINN,$500 Threshold (Candidate),Governor,2000,,,,0.00,0.00,0.00,0.00,0.00,0.00,0.00,,,,,,,,,,,,true,seethemoney.az.gov API,2025-08-06,2025-08-07 04:02:30.477079
5699,200810126,"Wing, Marla E",,Marla Wing for State Senate<br>(Clean Elections),Candidate (participating in Clean Elections),State Senator - District No. 6,3106,,Democratic,10,0.00,0.00,0.00,0.00,0.00,0.00,0.00,,,,,,,,,,,,true,seethemoney.az.gov API,2025-08-06,2025-08-07 04:02:30.477079
5698,200493100,"Wing, Marla",,MARLA WING FOR SENATE,Candidate (not participating in Clean Elections),State Senator - District No. 6,3106,,Democratic,10,0.00,1913.65,1913.65,0.00,0.00,0.00,0.00,,,,,,,,,,,,true,seethemoney.az.gov API,2025-08-06,2025-08-07 04:02:30.477079
5697,200291952,"Wilson, Ruth",,RUTH WILSON - CAMPAIGN 2002,Candidate (not participating in Clean Elections),State Representative - District 25,3225,,Democratic,10,0.00,50.00,50.00,0.00,0.00,0.00,0.00,,,,,,,,,,,,true,seethemoney.az.gov API,2025-08-06,2025-08-07 04:02:30.477079
5696,200693370,"Wilson, Rhett A",,WILSON 2006,Candidate (not participating in Clean Elections),State Representative - District 17,3217,,Democratic,10,0.00,14875.00,14875.00,0.00,0.00,0.00,0.00,,,,,,,,,,,,true,seethemoney.az.gov API,2025-08-06,2025-08-07 04:02:30.477079
5693,100032,"Wilson, John",,Wilson for Senate<br>(Clean Elections),Candidate (participating in Clean Elections),State Senator - District No. 29,3129,,Republican,30,0.00,600.00,600.00,0.00,0.00,0.00,0.00,,,,,,,,,,,,true,seethemoney.az.gov API,2025-08-06,2025-08-07 04:02:30.477079
5694,201600577,"Wilson, John",,Arizonan's for Moral Unity support Honest John<br>(Clean Elections),Candidate (participating in Clean Elections),State Representative - District 29,3229,,Republican,30,0.00,25630.36,25630.36,0.00,0.00,0.00,0.00,,,,,,,,,,,,true,seethemoney.az.gov API,2025-08-06,2025-08-07 04:02:30.477079
5695,201800297,"Wilson, John",,Arizonans Like Wilson,Candidate (not participating in Clean Elections),State Representative - District 29,3229,,Republican,30,0.00,100.00,100.00,0.00,0.00,0.00,0.00,,,,,,,,,,,,true,seethemoney.az.gov API,2025-08-06,2025-08-07 04:02:30.477079
5692,201800298,"Wilson, Bobby John",,BOBBY WILSON FOR STATE SENATE COMMITTEE<br>(Clean Elections),Candidate (participating in Clean Elections),State Senator - District No. 2,3102,,Republican,30,0.00,18165.00,18165.00,0.00,0.00,0.00,0.00,,,,,,,,,,,,true,seethemoney.az.gov API,2025-08-06,2025-08-07 04:02:30.477079
5691,100143,"Wilmeth, Justin",,Vote Wilmeth,Candidate (not participating in Clean Elections),State Representative - District 15,3215,,Republican,30,98600.87,107754.39,81300.76,2000.00,49713.31,0.00,0.00,,,,,,,,,,,,false,seethemoney.az.gov API,2025-08-06,2025-08-07 04:02:30.477079
5690,100143,"Wilmeth, Justin",,Vote Wilmeth,Candidate (not participating in Clean Elections),State Representative - District 2,3202,,Republican,30,98600.87,108705.00,105304.47,245095.00,100442.60,0.00,0.00,,,,,,,,,,,,true,seethemoney.az.gov API,2025-08-06,2025-08-07 04:02:30.477079
5689,201800289,"Willoughby, Julie Ann",,Julie Willoughby Political Organization,Candidate (not participating in Clean Elections),State Representative - District 17,3217,,Republican,30,0.00,13867.79,13598.35,0.00,0.00,0.00,0.00,,,,,,,,,,,,true,seethemoney.az.gov API,2025-08-06,2025-08-07 04:02:30.477079
5687,101383,"Willoughby, Julie",,Julie Willoughby for State Representative - District 13,Candidate (not participating in Clean Elections),State Representative - District 13,3213,,,,10941.78,161247.22,150338.77,208518.16,233640.02,0.00,0.00,,,,,,,,,,,,true,seethemoney.az.gov API,2025-08-06,2025-08-07 04:02:30.477079
5688,101903,"Willoughby, Julie",,Julie Willoughby for State Senator - District No. 13,Candidate (not participating in Clean Elections),State Senator - District No. 13,3113,,,,0.00,0.00,0.00,0.00,0.00,0.00,0.00,,,,,,,,,,,,true,seethemoney.az.gov API,2025-08-06,2025-08-07 04:02:30.477079
5683,100085,"Willoughby, Julie",,Julie Willoughby for State Senator - District No. 17,Candidate (not participating in Clean Elections),State Senator - District No. 17,3117,,Republican,30,0.00,0.00,0.00,0.00,0.00,0.00,0.00,,,,,,,,,,,,true,seethemoney.az.gov API,2025-08-06,2025-08-07 04:02:30.477079
5686,100617,"Willoughby, Julie",,Julie Willoughby for State Representative - District 17,Candidate (not participating in Clean Elections),State Representative - District 17,3217,,Republican,30,0.00,91185.27,91026.92,47199.59,40505.63,0.00,0.00,,,,,,,,,,,,true,seethemoney.az.gov API,2025-08-06,2025-08-07 04:02:30.477079
5684,100086,"Willoughby, Julie",,Julie Willoughby for State Senator - District No. 17,Candidate (not participating in Clean Elections),State Senator - District No. 17,3117,,Republican,30,0.00,0.00,0.00,0.00,0.00,0.00,0.00,,,,,,,,,,,,true,seethemoney.az.gov API,2025-08-06,2025-08-07 04:02:30.477079
5685,100087,"Willoughby, Julie",,Julie Willoughby for State Senator - District No. 17<br>(Clean Elections),Candidate (participating in Clean Elections),State Senator - District No. 17,3117,,Republican,30,0.00,158.26,158.26,0.00,0.00,0.00,0.00,,,,,,,,,,,,true,seethemoney.az.gov API,2025-08-06,2025-08-07 04:02:30.477079
5682,201600108,"Willoughby, Brice",,Elect Willoughby,Candidate (not participating in Clean Elections),State Representative - District 28,3228,,Republican,30,0.00,50700.00,398.07,0.00,0.00,0.00,0.00,,,,,,,,,,,,true,seethemoney.az.gov API,2025-08-06,2025-08-07 04:02:30.477079
5681,101527,"Willis, Sonya",,Sonya Willis for State Senator - District No. 25,Candidate (not participating in Clean Elections),State Senator - District No. 25,3125,,Democratic,10,0.00,538.67,538.67,0.00,0.00,0.00,0.00,,,,,,,,,,,,false,seethemoney.az.gov API,2025-08-06,2025-08-07 04:02:30.477079
5680,101527,"Willis, Sonya",,Sonya Willis for State Senator - District No. 25,Candidate (not participating in Clean Elections),State Senator - District No. 25,3125,,,,0.00,1772.84,1772.84,0.00,0.00,0.00,0.00,,,,,,,,,,,,true,seethemoney.az.gov API,2025-08-06,2025-08-07 04:02:30.199867
5679,200810287,"Willis, Samuel Timothy",,T Willis 4 GOV,Candidate (not participating in Clean Elections),Governor,2000,,Republican,30,0.00,2870.58,1760.82,0.00,0.00,0.00,0.00,,,,,,,,,,,,true,seethemoney.az.gov API,2025-08-06,2025-08-07 04:02:30.199867
5678,201000239,"Williamson, Walter John",,Friends of W. John Williamson,Candidate (not participating in Clean Elections),State Representative - District 8,3208,,,,0.00,205.00,175.41,0.00,0.00,0.00,0.00,,,,,,,,,,,,true,seethemoney.az.gov API,2025-08-06,2025-08-07 04:02:30.199867
5677,201000239,"Williamson, W John",,Friends of W. John Williamson,Candidate (not participating in Clean Elections),State Representative - District 8,3208,,Democratic,10,0.00,-101.28,8.73,0.00,0.00,0.00,0.00,,,,,,,,,,,,false,seethemoney.az.gov API,2025-08-06,2025-08-07 04:02:30.199867